{
  "Get Booking ID" : {
    "transaction" : "Get Booking ID",
    "sampleCount" : 300,
    "errorCount" : 0,
    "errorPct" : 0.0,
    "meanResTime" : 374.27333333333326,
    "medianResTime" : 259.5,
    "minResTime" : 239.0,
    "maxResTime" : 2309.0,
    "pct1ResTime" : 525.7000000000005,
    "pct2ResTime" : 605.3999999999999,
    "pct3ResTime" : 2022.7000000000003,
    "throughput" : 40.27386226339106,
    "receivedKBytesPerSec" : 727.0574017905088,
    "sentKBytesPerSec" : 5.388202275473218
  },
  "Update Booking" : {
    "transaction" : "Update Booking",
    "sampleCount" : 300,
    "errorCount" : 0,
    "errorPct" : 0.0,
    "meanResTime" : 258.20000000000016,
    "medianResTime" : 252.0,
    "minResTime" : 238.0,
    "maxResTime" : 327.0,
    "pct1ResTime" : 293.90000000000003,
    "pct2ResTime" : 303.0,
    "pct3ResTime" : 319.98,
    "throughput" : 41.511000415110004,
    "receivedKBytesPerSec" : 37.51124256261242,
    "sentKBytesPerSec" : 20.431195516811954
  },
  "Delete Booking" : {
    "transaction" : "Delete Booking",
    "sampleCount" : 300,
    "errorCount" : 0,
    "errorPct" : 0.0,
    "meanResTime" : 259.83666666666664,
    "medianResTime" : 252.0,
    "minResTime" : 235.0,
    "maxResTime" : 323.0,
    "pct1ResTime" : 300.90000000000003,
    "pct2ResTime" : 313.0,
    "pct3ResTime" : 321.99,
    "throughput" : 41.40215291195142,
    "receivedKBytesPerSec" : 30.61872498619928,
    "sentKBytesPerSec" : 9.178016319348606
  },
  "Total" : {
    "transaction" : "Total",
    "sampleCount" : 2700,
    "errorCount" : 0,
    "errorPct" : 0.0,
    "meanResTime" : 393.9303703703705,
    "medianResTime" : 252.0,
    "minResTime" : 235.0,
    "maxResTime" : 3566.0,
    "pct1ResTime" : 978.9000000000001,
    "pct2ResTime" : 1026.0,
    "pct3ResTime" : 2717.769999999995,
    "throughput" : 220.87696335078533,
    "receivedKBytesPerSec" : 613.7966136033622,
    "sentKBytesPerSec" : 56.87294206070026
  },
  "Create Booking" : {
    "transaction" : "Create Booking",
    "sampleCount" : 300,
    "errorCount" : 0,
    "errorPct" : 0.0,
    "meanResTime" : 274.34,
    "medianResTime" : 252.0,
    "minResTime" : 236.0,
    "maxResTime" : 963.0,
    "pct1ResTime" : 278.90000000000003,
    "pct2ResTime" : 466.69999999999993,
    "pct3ResTime" : 593.96,
    "throughput" : 40.376850605652756,
    "receivedKBytesPerSec" : 37.47476446837147,
    "sentKBytesPerSec" : 17.34942799461642
  },
  "Get Booking Info After Update" : {
    "transaction" : "Get Booking Info After Update",
    "sampleCount" : 300,
    "errorCount" : 0,
    "errorPct" : 0.0,
    "meanResTime" : 250.6633333333334,
    "medianResTime" : 249.0,
    "minResTime" : 237.0,
    "maxResTime" : 297.0,
    "pct1ResTime" : 259.90000000000003,
    "pct2ResTime" : 264.0,
    "pct3ResTime" : 292.99,
    "throughput" : 41.522491349480966,
    "receivedKBytesPerSec" : 37.525410899653984,
    "sentKBytesPerSec" : 6.812283737024222
  },
  "Partial Update Booking " : {
    "transaction" : "Partial Update Booking ",
    "sampleCount" : 300,
    "errorCount" : 0,
    "errorPct" : 0.0,
    "meanResTime" : 252.52333333333317,
    "medianResTime" : 250.0,
    "minResTime" : 238.0,
    "maxResTime" : 325.0,
    "pct1ResTime" : 262.90000000000003,
    "pct2ResTime" : 269.9,
    "pct3ResTime" : 316.97,
    "throughput" : 41.49951583898188,
    "receivedKBytesPerSec" : 37.79968270161848,
    "sentKBytesPerSec" : 12.928071828745331
  },
  "Get Booking Info After Partial Update" : {
    "transaction" : "Get Booking Info After Partial Update",
    "sampleCount" : 300,
    "errorCount" : 0,
    "errorPct" : 0.0,
    "meanResTime" : 250.06666666666663,
    "medianResTime" : 249.0,
    "minResTime" : 237.0,
    "maxResTime" : 282.0,
    "pct1ResTime" : 258.0,
    "pct2ResTime" : 261.0,
    "pct3ResTime" : 281.0,
    "throughput" : 41.516745087185164,
    "receivedKBytesPerSec" : 37.79807725574315,
    "sentKBytesPerSec" : 6.8113409908663165
  },
  "Create Token" : {
    "transaction" : "Create Token",
    "sampleCount" : 300,
    "errorCount" : 0,
    "errorPct" : 0.0,
    "meanResTime" : 1353.4866666666662,
    "medianResTime" : 1013.0,
    "minResTime" : 954.0,
    "maxResTime" : 3566.0,
    "pct1ResTime" : 2641.400000000002,
    "pct2ResTime" : 2775.8,
    "pct3ResTime" : 3490.9700000000003,
    "throughput" : 29.43485086342229,
    "receivedKBytesPerSec" : 22.40268102433281,
    "sentKBytesPerSec" : 6.9562831142072215
  },
  "Get Booking Info" : {
    "transaction" : "Get Booking Info",
    "sampleCount" : 300,
    "errorCount" : 0,
    "errorPct" : 0.0,
    "meanResTime" : 271.9833333333332,
    "medianResTime" : 250.0,
    "minResTime" : 237.0,
    "maxResTime" : 457.0,
    "pct1ResTime" : 386.0,
    "pct2ResTime" : 427.0,
    "pct3ResTime" : 454.0,
    "throughput" : 40.32800107541337,
    "receivedKBytesPerSec" : 36.29152523860734,
    "sentKBytesPerSec" : 6.616312676435005
  }
}