{
  "Get Booking ID" : {
    "transaction" : "Get Booking ID",
    "sampleCount" : 300,
    "errorCount" : 0,
    "errorPct" : 0.0,
    "meanResTime" : 684.1333333333333,
    "medianResTime" : 514.0,
    "minResTime" : 473.0,
    "maxResTime" : 2994.0,
    "pct1ResTime" : 982.3000000000002,
    "pct2ResTime" : 1434.8499999999995,
    "pct3ResTime" : 2546.740000000001,
    "throughput" : 34.79067609880552,
    "receivedKBytesPerSec" : 1232.7617409471763,
    "sentKBytesPerSec" : 4.654611939000349
  },
  "Update Booking" : {
    "transaction" : "Update Booking",
    "sampleCount" : 300,
    "errorCount" : 0,
    "errorPct" : 0.0,
    "meanResTime" : 266.24,
    "medianResTime" : 256.0,
    "minResTime" : 240.0,
    "maxResTime" : 375.0,
    "pct1ResTime" : 294.0,
    "pct2ResTime" : 337.95,
    "pct3ResTime" : 366.0,
    "throughput" : 37.754845205134664,
    "receivedKBytesPerSec" : 34.056541813491066,
    "sentKBytesPerSec" : 18.582462874402214
  },
  "Delete Booking" : {
    "transaction" : "Delete Booking",
    "sampleCount" : 300,
    "errorCount" : 0,
    "errorPct" : 0.0,
    "meanResTime" : 266.5933333333335,
    "medianResTime" : 255.0,
    "minResTime" : 237.0,
    "maxResTime" : 381.0,
    "pct1ResTime" : 323.90000000000003,
    "pct2ResTime" : 365.9,
    "pct3ResTime" : 377.99,
    "throughput" : 37.62699109494544,
    "receivedKBytesPerSec" : 27.734228019566036,
    "sentKBytesPerSec" : 8.341139627492788
  },
  "Total" : {
    "transaction" : "Total",
    "sampleCount" : 2700,
    "errorCount" : 0,
    "errorPct" : 0.0,
    "meanResTime" : 416.9837037037039,
    "medianResTime" : 257.0,
    "minResTime" : 236.0,
    "maxResTime" : 2994.0,
    "pct1ResTime" : 997.0,
    "pct2ResTime" : 1118.8499999999995,
    "pct3ResTime" : 2201.869999999997,
    "throughput" : 211.26760563380282,
    "receivedKBytesPerSec" : 994.671468481025,
    "sentKBytesPerSec" : 54.398657570422536
  },
  "Create Booking" : {
    "transaction" : "Create Booking",
    "sampleCount" : 300,
    "errorCount" : 0,
    "errorPct" : 0.0,
    "meanResTime" : 272.3033333333333,
    "medianResTime" : 253.0,
    "minResTime" : 238.0,
    "maxResTime" : 531.0,
    "pct1ResTime" : 320.60000000000014,
    "pct2ResTime" : 466.95,
    "pct3ResTime" : 508.93000000000006,
    "throughput" : 35.82517315500358,
    "receivedKBytesPerSec" : 33.151812903033196,
    "sentKBytesPerSec" : 15.393629090040601
  },
  "Get Booking Info After Update" : {
    "transaction" : "Get Booking Info After Update",
    "sampleCount" : 300,
    "errorCount" : 0,
    "errorPct" : 0.0,
    "meanResTime" : 257.7833333333337,
    "medianResTime" : 252.0,
    "minResTime" : 237.0,
    "maxResTime" : 356.0,
    "pct1ResTime" : 272.90000000000003,
    "pct2ResTime" : 311.95,
    "pct3ResTime" : 349.8900000000001,
    "throughput" : 37.73584905660377,
    "receivedKBytesPerSec" : 34.03498427672956,
    "sentKBytesPerSec" : 6.191037735849056
  },
  "Partial Update Booking " : {
    "transaction" : "Partial Update Booking ",
    "sampleCount" : 300,
    "errorCount" : 0,
    "errorPct" : 0.0,
    "meanResTime" : 261.33000000000004,
    "medianResTime" : 255.0,
    "minResTime" : 236.0,
    "maxResTime" : 384.0,
    "pct1ResTime" : 276.80000000000007,
    "pct2ResTime" : 327.0999999999998,
    "pct3ResTime" : 379.93000000000006,
    "throughput" : 37.683708076874765,
    "receivedKBytesPerSec" : 34.211703931666875,
    "sentKBytesPerSec" : 11.73935827785454
  },
  "Get Booking Info After Partial Update" : {
    "transaction" : "Get Booking Info After Partial Update",
    "sampleCount" : 300,
    "errorCount" : 0,
    "errorPct" : 0.0,
    "meanResTime" : 258.32666666666654,
    "medianResTime" : 254.0,
    "minResTime" : 238.0,
    "maxResTime" : 376.0,
    "pct1ResTime" : 271.90000000000003,
    "pct2ResTime" : 303.84999999999997,
    "pct3ResTime" : 353.98,
    "throughput" : 37.669512807634355,
    "receivedKBytesPerSec" : 34.20960729532898,
    "sentKBytesPerSec" : 6.180154445002511
  },
  "Create Token" : {
    "transaction" : "Create Token",
    "sampleCount" : 300,
    "errorCount" : 0,
    "errorPct" : 0.0,
    "meanResTime" : 1212.41,
    "medianResTime" : 1034.0,
    "minResTime" : 953.0,
    "maxResTime" : 2462.0,
    "pct1ResTime" : 1792.9000000000003,
    "pct2ResTime" : 2216.75,
    "pct3ResTime" : 2331.59,
    "throughput" : 28.557829604950022,
    "receivedKBytesPerSec" : 21.652263802950973,
    "sentKBytesPerSec" : 6.749018324607329
  },
  "Get Booking Info" : {
    "transaction" : "Get Booking Info",
    "sampleCount" : 300,
    "errorCount" : 0,
    "errorPct" : 0.0,
    "meanResTime" : 273.73333333333306,
    "medianResTime" : 253.0,
    "minResTime" : 238.0,
    "maxResTime" : 1116.0,
    "pct1ResTime" : 335.7000000000001,
    "pct2ResTime" : 387.6499999999999,
    "pct3ResTime" : 469.98,
    "throughput" : 36.76020095576522,
    "receivedKBytesPerSec" : 33.035837366744275,
    "sentKBytesPerSec" : 6.030970469305233
  }
}