{
  "Get Booking ID" : {
    "transaction" : "Get Booking ID",
    "sampleCount" : 300,
    "errorCount" : 0,
    "errorPct" : 0.0,
    "meanResTime" : 265.8966666666667,
    "medianResTime" : 260.0,
    "minResTime" : 248.0,
    "maxResTime" : 1264.0,
    "pct1ResTime" : 280.0,
    "pct2ResTime" : 286.0,
    "pct3ResTime" : 293.99,
    "throughput" : 23.21442389538033,
    "receivedKBytesPerSec" : 128.9252930821017,
    "sentKBytesPerSec" : 3.1058360094405324
  },
  "Update Booking" : {
    "transaction" : "Update Booking",
    "sampleCount" : 300,
    "errorCount" : 1,
    "errorPct" : 0.33333334,
    "meanResTime" : 260.1366666666667,
    "medianResTime" : 260.0,
    "minResTime" : 248.0,
    "maxResTime" : 280.0,
    "pct1ResTime" : 268.0,
    "pct2ResTime" : 272.0,
    "pct3ResTime" : 278.99,
    "throughput" : 23.173180905298935,
    "receivedKBytesPerSec" : 20.885357325621815,
    "sentKBytesPerSec" : 11.381788414375096
  },
  "Delete Booking" : {
    "transaction" : "Delete Booking",
    "sampleCount" : 300,
    "errorCount" : 1,
    "errorPct" : 0.33333334,
    "meanResTime" : 259.18333333333345,
    "medianResTime" : 258.0,
    "minResTime" : 247.0,
    "maxResTime" : 284.0,
    "pct1ResTime" : 266.0,
    "pct2ResTime" : 273.0,
    "pct3ResTime" : 279.99,
    "throughput" : 23.055640946818322,
    "receivedKBytesPerSec" : 17.01734456655395,
    "sentKBytesPerSec" : 5.087326242122656
  },
  "Total" : {
    "transaction" : "Total",
    "sampleCount" : 2700,
    "errorCount" : 4,
    "errorPct" : 0.14814815,
    "meanResTime" : 358.9559259259262,
    "medianResTime" : 260.0,
    "minResTime" : 246.0,
    "maxResTime" : 5790.0,
    "pct1ResTime" : 1011.0,
    "pct2ResTime" : 1042.0,
    "pct3ResTime" : 1602.679999999993,
    "throughput" : 158.36705965159248,
    "receivedKBytesPerSec" : 219.89926095372164,
    "sentKBytesPerSec" : 40.657912945773944
  },
  "Create Booking" : {
    "transaction" : "Create Booking",
    "sampleCount" : 300,
    "errorCount" : 0,
    "errorPct" : 0.0,
    "meanResTime" : 263.92666666666645,
    "medianResTime" : 260.0,
    "minResTime" : 247.0,
    "maxResTime" : 772.0,
    "pct1ResTime" : 276.0,
    "pct2ResTime" : 291.95,
    "pct3ResTime" : 303.98,
    "throughput" : 23.218017181332712,
    "receivedKBytesPerSec" : 21.46850330856745,
    "sentKBytesPerSec" : 9.9764917576039
  },
  "Get Booking Info After Update" : {
    "transaction" : "Get Booking Info After Update",
    "sampleCount" : 300,
    "errorCount" : 0,
    "errorPct" : 0.0,
    "meanResTime" : 259.0066666666665,
    "medianResTime" : 259.0,
    "minResTime" : 246.0,
    "maxResTime" : 278.0,
    "pct1ResTime" : 266.0,
    "pct2ResTime" : 270.0,
    "pct3ResTime" : 275.99,
    "throughput" : 23.124951823017035,
    "receivedKBytesPerSec" : 20.856719243814073,
    "sentKBytesPerSec" : 3.7713544476990672
  },
  "Partial Update Booking " : {
    "transaction" : "Partial Update Booking ",
    "sampleCount" : 300,
    "errorCount" : 1,
    "errorPct" : 0.33333334,
    "meanResTime" : 260.0566666666669,
    "medianResTime" : 259.0,
    "minResTime" : 247.0,
    "maxResTime" : 278.0,
    "pct1ResTime" : 269.0,
    "pct2ResTime" : 272.0,
    "pct3ResTime" : 276.0,
    "throughput" : 23.112480739599384,
    "receivedKBytesPerSec" : 20.970438294491526,
    "sentKBytesPerSec" : 7.1763801280816635
  },
  "Get Booking Info After Partial Update" : {
    "transaction" : "Get Booking Info After Partial Update",
    "sampleCount" : 300,
    "errorCount" : 0,
    "errorPct" : 0.0,
    "meanResTime" : 258.6866666666667,
    "medianResTime" : 258.0,
    "minResTime" : 246.0,
    "maxResTime" : 277.0,
    "pct1ResTime" : 266.0,
    "pct2ResTime" : 269.0,
    "pct3ResTime" : 275.98,
    "throughput" : 23.08580223162755,
    "receivedKBytesPerSec" : 20.970054588303196,
    "sentKBytesPerSec" : 3.7649696998845714
  },
  "Create Token" : {
    "transaction" : "Create Token",
    "sampleCount" : 300,
    "errorCount" : 1,
    "errorPct" : 0.33333334,
    "meanResTime" : 1145.466666666667,
    "medianResTime" : 1036.5,
    "minResTime" : 992.0,
    "maxResTime" : 5790.0,
    "pct1ResTime" : 1522.700000000002,
    "pct2ResTime" : 2006.5,
    "pct3ResTime" : 2123.86,
    "throughput" : 20.800110933924984,
    "receivedKBytesPerSec" : 15.886220143174096,
    "sentKBytesPerSec" : 4.899265712750468
  },
  "Get Booking Info" : {
    "transaction" : "Get Booking Info",
    "sampleCount" : 300,
    "errorCount" : 0,
    "errorPct" : 0.0,
    "meanResTime" : 258.24333333333334,
    "medianResTime" : 258.0,
    "minResTime" : 247.0,
    "maxResTime" : 278.0,
    "pct1ResTime" : 265.0,
    "pct2ResTime" : 267.0,
    "pct3ResTime" : 272.97,
    "throughput" : 23.198267862666256,
    "receivedKBytesPerSec" : 20.82829898700897,
    "sentKBytesPerSec" : 3.7833112627590473
  }
}