{
  "Get Booking ID" : {
    "transaction" : "Get Booking ID",
    "sampleCount" : 300,
    "errorCount" : 0,
    "errorPct" : 0.0,
    "meanResTime" : 266.1366666666667,
    "medianResTime" : 254.0,
    "minResTime" : 240.0,
    "maxResTime" : 520.0,
    "pct1ResTime" : 334.50000000000017,
    "pct2ResTime" : 343.95,
    "pct3ResTime" : 372.95000000000005,
    "throughput" : 36.5586156470875,
    "receivedKBytesPerSec" : 457.16132345996834,
    "sentKBytesPerSec" : 4.8911429137216675
  },
  "Update Booking" : {
    "transaction" : "Update Booking",
    "sampleCount" : 300,
    "errorCount" : 0,
    "errorPct" : 0.0,
    "meanResTime" : 250.74333333333325,
    "medianResTime" : 250.0,
    "minResTime" : 238.0,
    "maxResTime" : 272.0,
    "pct1ResTime" : 258.0,
    "pct2ResTime" : 262.0,
    "pct3ResTime" : 266.99,
    "throughput" : 36.5141187925998,
    "receivedKBytesPerSec" : 32.857001582278485,
    "sentKBytesPerSec" : 17.95634090494158
  },
  "Delete Booking" : {
    "transaction" : "Delete Booking",
    "sampleCount" : 300,
    "errorCount" : 0,
    "errorPct" : 0.0,
    "meanResTime" : 250.4066666666666,
    "medianResTime" : 250.0,
    "minResTime" : 236.0,
    "maxResTime" : 275.0,
    "pct1ResTime" : 259.0,
    "pct2ResTime" : 261.95,
    "pct3ResTime" : 265.99,
    "throughput" : 36.41218594489622,
    "receivedKBytesPerSec" : 26.809894252943316,
    "sentKBytesPerSec" : 8.056433198810534
  },
  "Total" : {
    "transaction" : "Total",
    "sampleCount" : 2700,
    "errorCount" : 0,
    "errorPct" : 0.0,
    "meanResTime" : 353.6981481481479,
    "medianResTime" : 251.0,
    "minResTime" : 235.0,
    "maxResTime" : 2608.0,
    "pct1ResTime" : 980.0,
    "pct2ResTime" : 1016.0,
    "pct3ResTime" : 1941.729999999994,
    "throughput" : 216.06914212548014,
    "receivedKBytesPerSec" : 466.60673603052976,
    "sentKBytesPerSec" : 55.57403369078105
  },
  "Create Booking" : {
    "transaction" : "Create Booking",
    "sampleCount" : 300,
    "errorCount" : 0,
    "errorPct" : 0.0,
    "meanResTime" : 254.73333333333335,
    "medianResTime" : 252.0,
    "minResTime" : 236.0,
    "maxResTime" : 365.0,
    "pct1ResTime" : 269.0,
    "pct2ResTime" : 277.9,
    "pct3ResTime" : 334.93000000000006,
    "throughput" : 36.56307129798903,
    "receivedKBytesPerSec" : 33.857261197440586,
    "sentKBytesPerSec" : 15.710694698354661
  },
  "Get Booking Info After Update" : {
    "transaction" : "Get Booking Info After Update",
    "sampleCount" : 300,
    "errorCount" : 0,
    "errorPct" : 0.0,
    "meanResTime" : 249.3766666666666,
    "medianResTime" : 249.0,
    "minResTime" : 236.0,
    "maxResTime" : 266.0,
    "pct1ResTime" : 256.0,
    "pct2ResTime" : 258.0,
    "pct3ResTime" : 262.99,
    "throughput" : 36.4963503649635,
    "receivedKBytesPerSec" : 32.84861618004866,
    "sentKBytesPerSec" : 5.9722380626520675
  },
  "Partial Update Booking " : {
    "transaction" : "Partial Update Booking ",
    "sampleCount" : 300,
    "errorCount" : 0,
    "errorPct" : 0.0,
    "meanResTime" : 250.80000000000015,
    "medianResTime" : 250.0,
    "minResTime" : 235.0,
    "maxResTime" : 278.0,
    "pct1ResTime" : 258.0,
    "pct2ResTime" : 261.0,
    "pct3ResTime" : 271.98,
    "throughput" : 36.45643456069996,
    "receivedKBytesPerSec" : 33.046238911167826,
    "sentKBytesPerSec" : 11.341606285696926
  },
  "Get Booking Info After Partial Update" : {
    "transaction" : "Get Booking Info After Partial Update",
    "sampleCount" : 300,
    "errorCount" : 0,
    "errorPct" : 0.0,
    "meanResTime" : 249.1333333333333,
    "medianResTime" : 248.0,
    "minResTime" : 236.0,
    "maxResTime" : 267.0,
    "pct1ResTime" : 257.0,
    "pct2ResTime" : 259.0,
    "pct3ResTime" : 266.0,
    "throughput" : 36.438722215474314,
    "receivedKBytesPerSec" : 33.04631513421596,
    "sentKBytesPerSec" : 5.962807831288716
  },
  "Create Token" : {
    "transaction" : "Create Token",
    "sampleCount" : 300,
    "errorCount" : 0,
    "errorPct" : 0.0,
    "meanResTime" : 1161.8433333333342,
    "medianResTime" : 1011.0,
    "minResTime" : 949.0,
    "maxResTime" : 2608.0,
    "pct1ResTime" : 1836.6000000000013,
    "pct2ResTime" : 2317.1499999999996,
    "pct3ResTime" : 2403.99,
    "throughput" : 28.508980328803574,
    "receivedKBytesPerSec" : 21.65086299059204,
    "sentKBytesPerSec" : 6.737473866768032
  },
  "Get Booking Info" : {
    "transaction" : "Get Booking Info",
    "sampleCount" : 300,
    "errorCount" : 0,
    "errorPct" : 0.0,
    "meanResTime" : 250.11000000000004,
    "medianResTime" : 250.0,
    "minResTime" : 236.0,
    "maxResTime" : 295.0,
    "pct1ResTime" : 257.0,
    "pct2ResTime" : 259.95,
    "pct3ResTime" : 275.99,
    "throughput" : 36.54970760233918,
    "receivedKBytesPerSec" : 32.743398209064324,
    "sentKBytesPerSec" : 5.980969404848928
  }
}